"Data","Title"
22.04.21,"Препроцессинг текста в Python (text preprocessing) или готовим английский текст на примере картофельных чипсов!"
09.04.21,"Как найти отличия на картинках с помощью Python?"
31.03.21,"Как вывести несколько изображений в Python в одном ряду?"
23.03.21,"Как запустить скрипт на докере, используя «Dockerfile?»"
17.03.21,"КАК УДАЛИТЬ ОБРАЗЫ И КОНТЕЙНЕРЫ ДОКЕРА?"
03.03.21,"Как сравнить столбцы в Pandas таблице?"
09.02.21,"Как вычислить факториал в Python?"
03.02.21,"Токенизация слов при помощи nltk и keras "
28.01.21,"Чтение csv файла в Python при помощи Pandas."
22.01.21,"Как вывести всю таблицу в Pandas?"
22.12.20,"Тренировка: как в Python найти номер строки с заданным вхождением"
20.12.20,"Цикл while в Python3 — синтаксис и примеры использования"
11.12.20,"Построчное чтение файла в Python 3"
27.11.20,"Как задать путь к файлу в Python?"
11.06.20,"Готовим бургер меню на CSS, HTML и JQuery"
26.05.20,"Рисуем фигуры в Tkinter — тренируемся на котиках"
15.05.20,"Развевающийся флаг на CSS"
12.05.20,"Эффект волны на CSS"
09.05.20,"Создаем косые блоки средствами CSS"
07.05.20,"Создаем треугольники средствами CSS"
04.05.20,"Создаем указатели на CSS"
24.04.20,"В чем разница между свойствами display и visibility?"
20.04.20,"Всплывающие подсказки на CSS "
17.04.20,"Создаем радиальный градиент на CSS"
13.04.20,"DOCTYPE в HTML5. Как и зачем объявлять "
07.04.20,"Кракозябры в базе данных — защищаемся от злостных закорючек."
03.04.20,"Валидация имени и email адреса. Подписка на рассылку PHP – часть2"
21.03.20,"Подписка на рассылку средствами PHP — часть1 "
03.03.20,"Как изменить цвет фона по клику мыши | CSS | JS"
14.01.20,"Движущийся вслед за мышью baсkground "
23.12.19,"Создаем падающий снег средствами CSS"
23.12.19,"Чем отличается функция isset() от !empty() в PHP"
18.12.19,"Почему на сайте кракозябры и как от них избавиться?! "
27.11.19,"Галерея изображений на JavaScript"
18.11.19,"Создаем простой калькулятор на php."
